<?xml version="1.0" encoding="UTF-8"?>
<!-- edited with XMLSpy v2009 (http://www.altova.com) by Peter Willems (TNO Bouw en Ondergrond) -->
<visiXML_MessageSchema xmlns:visi="http://www.visi.nl/schemas/20071218" xmlns:xsi="http://www.w3.org/2001/XMLSchema-instance" xsi:schemaLocation="http://www.visi.nl/schemas/20071218 C:\DOCUME~1\wspa\Desktop\VISITE~1\10.xsd">
	<ProjectType1 id="TestScenarios">
		<name>Test scenario's</name>
		<description>Project bedoeld voor het uittesten van de verschillende implementaties voor VISI 1.2</description>
		<startDate>2009-03-17T00:00:00.0Z</startDate>
		<endDate>2009-05-17T00:00:00.0Z</endDate>
		<state>active</state>
		<dateLamu>2009-03-16T09:30:00.0Z</dateLamu>
		<userLamu>PWI</userLamu>
		<ceWillekeurig>
			<CeWillekeurigRef idref="ProjectGegevens"/>
		</ceWillekeurig>
	</ProjectType1>
	<CeWillekeurig id="ProjectGegevens">
		<sOAPProtocol>Base64</sOAPProtocol>
		<sOAPCentralServer-URL>>http://192.168.0.1/visi.wsdl</sOAPCentralServer-URL>
		<sOAPCentralServer-URL>>http://www.crow.nl/testcases/case001/visi.wsdl</sOAPCentralServer-URL>
	</CeWillekeurig>
	<StandardOrganisationType id="BakkerSpees">
		<name>BakkerSpees</name>
		<state>active</state>
		<dateLamu>2009-03-16T09:30:00.0Z</dateLamu>
		<userLamu>PWI</userLamu>
		<contactPerson>
			<StandardPersonTypeRef idref="GeSpees"/>
		</contactPerson>
		<ceWillekeurig2>
			<CeWillekeurig2Ref idref="OrganisatieGegevensBakkerSpees"/>
		</ceWillekeurig2>
	</StandardOrganisationType>
	<CeWillekeurig2 id="OrganisatieGegevensBakkerSpees">
		<sOAPServer-URL>>http://192.168.0.102/specifiek_project/visi.wsdl</sOAPServer-URL>
	</CeWillekeurig2>
	<StandardOrganisationType id="Cenosco">
		<name>Cenosco</name>
		<state>active</state>
		<dateLamu>2009-03-16T09:30:00.0Z</dateLamu>
		<userLamu>PWI</userLamu>
		<contactPerson>
			<StandardPersonTypeRef idref="MischaSimonis"/>
		</contactPerson>
		<ceWillekeurig2>
			<CeWillekeurig2Ref idref="OrganisatieGegevensCenosco"/>
		</ceWillekeurig2>
	</StandardOrganisationType>
	<CeWillekeurig2 id="OrganisatieGegevensCenosco">
		<sOAPServer-URL>>http://192.168.0.102/specifiek_project/visi.wsdl</sOAPServer-URL>
	</CeWillekeurig2>
	<klant id="klantRol">
		<name>Klantrol</name>
		<description>Klantrol</description>
		<state>active</state>
		<dateLamu>2009-03-16T09:30:00.0Z</dateLamu>
		<userLamu>PWI</userLamu>
	</klant>
	<ober id="oberRol">
		<name>Oberrol</name>
		<description>Oberrol</description>
		<state>active</state>
		<dateLamu>2009-03-16T09:30:00.0Z</dateLamu>
		<userLamu>PWI</userLamu>
	</ober>
	<kok id="kokRol">
		<name>Kokrol</name>
		<description>Kokrol</description>
		<state>active</state>
		<dateLamu>2009-03-16T09:30:00.0Z</dateLamu>
		<userLamu>PWI</userLamu>
	</kok>
	<keukenhulp id="keukenhulpRol">
		<name>Keukenhulprol</name>
		<description>Keukenhulprol</description>
		<state>active</state>
		<dateLamu>2009-03-16T09:30:00.0Z</dateLamu>
		<userLamu>PWI</userLamu>
	</keukenhulp>
	<StandardPersonType id="GeSpees">
		<userName>GS</userName>
		<name>Gé Spees</name>
		<state>active</state>
		<dateLamu>2009-03-16T09:30:00.0Z</dateLamu>
		<userLamu>PWI</userLamu>
	</StandardPersonType>
	<StandardPersonType id="JeroenVDBurg">
		<userName>JvdB</userName>
		<name>Jeroen van der Burg</name>
		<state>active</state>
		<dateLamu>2009-03-16T14:30:00.0Z</dateLamu>
		<userLamu>PWI</userLamu>
	</StandardPersonType>
	<StandardPersonType id="RickCardol">
		<userName>RC</userName>
		<name>Rick Cardol</name>
		<state>active</state>
		<dateLamu>2009-03-16T14:30:00.0Z</dateLamu>
		<userLamu>PWI</userLamu>
	</StandardPersonType>
	<StandardPersonType id="MischaSimonis">
		<userName>MS</userName>
		<name>Mischa Simonis</name>
		<state>active</state>
		<dateLamu>2009-03-16T14:30:00.0Z</dateLamu>
		<userLamu>PWI</userLamu>
	</StandardPersonType>
	<StandardPersonType id="VincentLangedijk">
		<userName>VL</userName>
		<name>Vincent Langedijk</name>
		<state>active</state>
		<dateLamu>2009-03-16T14:30:00.0Z</dateLamu>
		<userLamu>PWI</userLamu>
	</StandardPersonType>
	<PersonInRole id="PIR001">
		<state>active</state>
		<dateLamu>2009-03-16T14:30:00.0Z</dateLamu>
		<userLamu>PWI</userLamu>
		<successor>
			<PersonInRoleRef idref="PIR003"/>
		</successor>
		<contactPerson>
			<StandardPersonTypeRef idref="GeSpees"/>
		</contactPerson>
		<organisation>
			<StandardOrganisationTypeRef idref="BakkerSpees"/>
		</organisation>
		<role>
			<klantRef idref="klantRol"/>
		</role>
	</PersonInRole>
	<PersonInRole id="PIR002">
		<state>active</state>
		<dateLamu>2009-03-16T14:30:00.0Z</dateLamu>
		<userLamu>PWI</userLamu>
		<contactPerson>
			<StandardPersonTypeRef idref="JeroenVDBurg"/>
		</contactPerson>
		<organisation>
			<StandardOrganisationTypeRef idref="BakkerSpees"/>
		</organisation>
		<role>
			<klantRef idref="oberRol"/>
		</role>
	</PersonInRole>
	<PersonInRole id="PIR003">
		<state>active</state>
		<dateLamu>2009-03-16T14:30:00.0Z</dateLamu>
		<userLamu>PWI</userLamu>
		<contactPerson>
			<StandardPersonTypeRef idref="RickCardol"/>
		</contactPerson>
		<organisation>
			<StandardOrganisationTypeRef idref="BakkerSpees"/>
		</organisation>
		<role>
			<klantRef idref="klantRol"/>
		</role>
	</PersonInRole>
	<PersonInRole id="PIR004">
		<state>active</state>
		<dateLamu>2009-03-16T14:30:00.0Z</dateLamu>
		<userLamu>PWI</userLamu>
		<contactPerson>
			<StandardPersonTypeRef idref="MischaSimonis"/>
		</contactPerson>
		<organisation>
			<StandardOrganisationTypeRef idref="Cenosco"/>
		</organisation>
		<role>
			<klantRef idref="kokRol"/>
		</role>
	</PersonInRole>
	<PersonInRole id="PIR005">
		<state>active</state>
		<dateLamu>2009-03-16T14:30:00.0Z</dateLamu>
		<userLamu>PWI</userLamu>
		<contactPerson>
			<StandardPersonTypeRef idref="VincentLangedijk"/>
		</contactPerson>
		<organisation>
			<StandardOrganisationTypeRef idref="Cenosco"/>
		</organisation>
		<role>
			<klantRef idref="keukenhulpRol"/>
		</role>
	</PersonInRole>
	<PersonInRole id="PIR006">
		<state>active</state>
		<dateLamu>2009-03-16T14:30:00.0Z</dateLamu>
		<userLamu>PWI</userLamu>
		<contactPerson>
			<StandardPersonTypeRef idref="GeSpees"/>
		</contactPerson>
		<organisation>
			<StandardOrganisationTypeRef idref="BakkerSpees"/>
		</organisation>
		<role>
			<kokRef idref="kokRol"/>
		</role>
	</PersonInRole>
	<PersonInRole id="PIR007">
		<state>active</state>
		<dateLamu>2009-03-16T14:30:00.0Z</dateLamu>
		<userLamu>PWI</userLamu>
		<contactPerson>
			<StandardPersonTypeRef idref="JeroenVDBurg"/>
		</contactPerson>
		<organisation>
			<StandardOrganisationTypeRef idref="BakkerSpees"/>
		</organisation>
		<role>
			<keukenhulpRef idref="keukenhulpRol"/>
		</role>
	</PersonInRole>
	<PersonInRole id="PIR008">
		<state>active</state>
		<dateLamu>2009-03-16T14:30:00.0Z</dateLamu>
		<userLamu>PWI</userLamu>
		<contactPerson>
			<StandardPersonTypeRef idref="MischaSimonis"/>
		</contactPerson>
		<organisation>
			<StandardOrganisationTypeRef idref="Cenosco"/>
		</organisation>
		<role>
			<klantRef idref="klantRol"/>
		</role>
	</PersonInRole>
	<PersonInRole id="PIR009">
		<state>active</state>
		<dateLamu>2009-03-16T14:30:00.0Z</dateLamu>
		<userLamu>PWI</userLamu>
		<contactPerson>
			<StandardPersonTypeRef idref="VincentLangedijk"/>
		</contactPerson>
		<organisation>
			<StandardOrganisationTypeRef idref="Cenosco"/>
		</organisation>
		<role>
			<oberRef idref="oberRol"/>
		</role>
	</PersonInRole>
</visiXML_MessageSchema>