<?xml version="1.0" encoding="UTF-8"?>
<visiXML_MessageSchema xmlns="http://www.visi.nl/TestFramework" xmlns:xsi="http://www.w3.org/2001/XMLSchema-instance"
	xsi:schemaLocation="http://www.visi.nl/TestFramework 10.xsd ">
	<msgBestellingNietAkkoord id="bericht011">
		<identification />
		<dateSend>2008-05-04T00:00:00.0Z</dateSend>
		<initiatingTransactionMessageID>bericht009</initiatingTransactionMessageID>
		<initiatorToExecutor>false</initiatorToExecutor>
		<messageInTransaction>
			<BerichtInTransactie15Ref idref="BiT001" />
		</messageInTransaction>
		<transaction>
			<t3_OpdrachtKokRef idref="transactie004" />
		</transaction>
		<ceBestelling>
			<CeBestelling id="bestelling003">
				<ceInhoudBestelling>
					<CeInhoudBestelling id="inhoudBestelling003">
						<naamGerecht>Biefstuk</naamGerecht>
						<opmerking>met mayonaise</opmerking>
					</CeInhoudBestelling>
				</ceInhoudBestelling>
			</CeBestelling>
		</ceBestelling>
	</msgBestellingNietAkkoord>
	<BerichtInTransactie15 id="BiT001">
		<identification />
	</BerichtInTransactie15>
	<t3_OpdrachtKok id="transactie004">
		<number>4</number>
		<name />
		<description />
		<startDate>2008-05-04T00:00:00.0Z</startDate>
		<endDate>2009-05-04T00:00:00.0Z</endDate>
		<initiator>
			<PersonInRoleRef idref="PiR002" />
		</initiator>
		<executor>
			<PersonInRoleRef idref="PiR005" />
		</executor>
		<project>
			<ProjectType1Ref idref="Project1" />
		</project>
	</t3_OpdrachtKok>
	<ProjectType1 id="Project1">
		<name>Project Top Koks</name>
		<description>Project voor het opnemen van een bestelling </description>
		<startDate>2008-05-04T00:00:00.0Z</startDate>
		<endDate>2009-05-04T00:00:00.0Z</endDate>
		<ceSOAP>
			<CeSOAP id="ProjectGegevens">
				<sOAPProtocol>MTOM</sOAPProtocol>
				<sOAPServerURL>http://192.168.0.1/visi.wsdl</sOAPServerURL>
				<sOAPCentralServerURL>http://www.crow.nl/testcases/case001/visi.wsdl</sOAPCentralServerURL>
			</CeSOAP>
		</ceSOAP>
	</ProjectType1>
	<StandardOrganisationType id="restaurant">
		<name>Restaurant</name>
		<abbreviation>RSTR</abbreviation>
		<contactPerson>
			<StandardPersonTypeRef idref="PietJansen" />
		</contactPerson>
		<ceOrganisatie>
			<CeOrganisatie id="OrganisatieGegevensRestaurant">
				<sOAPServerURL>http://192.168.0.105/specifiek_project/visi.wsdl</sOAPServerURL>
			</CeOrganisatie>
		</ceOrganisatie>
	</StandardOrganisationType>
	<StandardPersonType id="PietJansen">
		<userName>pj</userName>
		<name>Piet Jansen</name>
	</StandardPersonType>
	<StandardPersonType id="JanToet">
		<userName>jt</userName>
		<name>Jan Toet</name>
	</StandardPersonType>
	<ober id="oberRol">
		<name>Ober Rol</name>
		<description>Diegene die serveert</description>
	</ober>
	<kok id="kokRol">
		<name>Kok Rol</name>
		<description>Diegene die kookt</description>
	</kok>
	<PersonInRole id="PiR002">
		<contactPerson>
			<StandardPersonTypeRef idref="PietJansen" />
		</contactPerson>
		<organisation>
			<StandardOrganisationTypeRef idref="restaurant" />
		</organisation>
		<role>
			<klantRef idref="oberRol" />
		</role>
	</PersonInRole>
	<PersonInRole id="PiR005">
		<contactPerson>
			<StandardPersonTypeRef idref="JanToet" />
		</contactPerson>
		<organisation>
			<StandardOrganisationTypeRef idref="restaurant" />
		</organisation>
		<role>
			<klantRef idref="kokRol" />
		</role>
	</PersonInRole>
</visiXML_MessageSchema>