<?xml version="1.0" encoding="UTF-8"?>
<visiXML_MessageSchema xmlns="http://www.visi.nl/TestFramework"
	xmlns:xsi="http://www.w3.org/2001/XMLSchema-instance"
	xsi:schemaLocation="http://www.visi.nl/TestFramework 10.xsd ">
	<msgAntwoord id="bericht007">
		<identification />
		<dateSend>2008-05-04T00:00:00.0Z</dateSend>
		<initiatingTransactionMessageID>bericht004</initiatingTransactionMessageID>
		<initiatorToExecutor>false</initiatorToExecutor>
		<messageInTransaction>
			<BerichtInTransactie12Ref idref="BiT001" />
		</messageInTransaction>
		<transaction>
			<t2_VraagOberAanKokRef idref="transactie003" />
		</transaction>
		<ceVraag>
			<CeVraag id="vraag004">
				<vraag>Kan er ook mayonaise bij de gepofte aardappelen geserveerd worden</vraag>
			</CeVraag>
		</ceVraag>
		<ceAntwoord>
			<CeAntwoord id="antwoord001">
				<antwoord>Dat is prima</antwoord>
			</CeAntwoord>
		</ceAntwoord>
	</msgAntwoord>
	<BerichtInTransactie12 id="BiT001">
		<identification />
	</BerichtInTransactie12>
	<t2_VraagOberAanKok id="transactie003">
		<number>3</number>
		<name />
		<description />
		<startDate>2008-05-04T00:00:00.0Z</startDate>
		<endDate>2009-05-04T00:00:00.0Z</endDate>
		<initiator>
			<PersonInRoleRef idref="PiR002" />
		</initiator>
		<executor>
			<PersonInRoleRef idref="PiR004" />
		</executor>
		<project>
			<ProjectType1Ref idref="Project1" />
		</project>
	</t2_VraagOberAanKok>
	<ProjectType1 id="Project1">
		<name>Project Top Koks</name>
		<description>Project voor het opnemen van een bestelling </description>
		<startDate>2008-05-04T00:00:00.0Z</startDate>
		<endDate>2009-05-04T00:00:00.0Z</endDate>
		<ceSOAP>
			<CeSOAP id="ProjectGegevens">
				<sOAPProtocol>MTOM</sOAPProtocol>
				<sOAPServerURL>http://192.168.0.1/visi.wsdl</sOAPServerURL>
				<sOAPCentralServerURL>http://www.crow.nl/testcases/case001/visi.wsdl</sOAPCentralServerURL>
			</CeSOAP>
		</ceSOAP>
	</ProjectType1>
	<StandardOrganisationType id="restaurant">
		<name>Restaurant</name>
		<abbreviation>RSTR</abbreviation>
		<contactPerson>
			<StandardPersonTypeRef idref="PietJansen" />
		</contactPerson>
		<ceOrganisatie>
			<CeOrganisatie id="OrganisatieGegevensRestaurant">
				<sOAPServerURL>http://192.168.0.105/specifiek_project/visi.wsdl</sOAPServerURL>
			</CeOrganisatie>
		</ceOrganisatie>
	</StandardOrganisationType>
	<StandardPersonType id="PietJansen">
		<userName>pj</userName>
		<name>Piet Jansen</name>
	</StandardPersonType>
	<StandardPersonType id="RobTaal">
		<userName>rt</userName>
		<name>Rob Taal</name>
	</StandardPersonType>
	<StandardPersonType id="JanToet">
		<userName>jt</userName>
		<name>Jan Toet</name>
	</StandardPersonType>
	<ober id="oberRol">
		<name>Ober Rol</name>
		<description>Diegene die serveert</description>
	</ober>
	<kok id="kokRol">
		<name>Kok Rol</name>
		<description>Diegene die kookt</description>
	</kok>
	<PersonInRole id="PiR002">
		<contactPerson>
			<StandardPersonTypeRef idref="PietJansen" />
		</contactPerson>
		<organisation>
			<StandardOrganisationTypeRef idref="restaurant" />
		</organisation>
		<role>
			<klantRef idref="oberRol" />
		</role>
	</PersonInRole>
	<PersonInRole id="PiR004">
		<successor>
			<PersonInRoleRef idref="PiR005" />
		</successor>
		<contactPerson>
			<StandardPersonTypeRef idref="RobTaal" />
		</contactPerson>
		<organisation>
			<StandardOrganisationTypeRef idref="restaurant" />
		</organisation>
		<role>
			<klantRef idref="kokRol" />
		</role>
	</PersonInRole>
	<PersonInRole id="PiR005">
		<contactPerson>
			<StandardPersonTypeRef idref="JanToet" />
		</contactPerson>
		<organisation>
			<StandardOrganisationTypeRef idref="restaurant" />
		</organisation>
		<role>
			<klantRef idref="kokRol" />
		</role>
	</PersonInRole>
</visiXML_MessageSchema>
