<?xml version="1.0" encoding="UTF-8"?>
<visiXML_MessageSchema xmlns="http://www.visi.nl/schemas/20071218" xmlns:xsi="http://www.w3.org/2001/XMLSchema-instance" xsi:schemaLocation="http://www.visi.nl/schemas/20071218
http://www.ifcbrowser.com/10.xsd">
	<msgAntwoord id="bericht008">
		<identification/>
		<dateSend>2008-05-04T00:00:00.0Z</dateSend>
		<dateRead>2008-05-04T00:00:00.0Z</dateRead>
		<state>active</state>
		<dateLamu>2008-05-04T00:00:00.0Z</dateLamu>
		<userLamu>PeterBonsma</userLamu>
		<initiatorToExecutor>false</initiatorToExecutor>
		<transaction>
			<t1_OpnameBestellingRef idref="transactie001"/>
		</transaction>
		<ceVraag>
			<CeVraag id="vraag005">
				<vraag>Kan er ook mayonaise bij de gepofte aardappelen geserveerd worden</vraag>
			</CeVraag>
		</ceVraag>
		<ceAntwoord>
			<CeAntwoord id="antwoord002">
				<antwoord>Dat is prima</antwoord>
			</CeAntwoord>
		</ceAntwoord>
	</msgAntwoord>
	<t1_OpnameBestelling id="transactie001">
		<name/>
		<description/>
		<startDate>2008-05-04T00:00:00.0Z</startDate>
		<endDate>2009-05-04T00:00:00.0Z</endDate>
		<state>active</state>
		<dateLamu>2008-05-04T00:00:00.0Z</dateLamu>
		<userLamu>PeterBonsma</userLamu>
		<initiator>
			<PersonInRoleRef idref="PiR002"/>
		</initiator>
		<executor>
			<PersonInRoleRef idref="PiR001"/>
		</executor>
		<project>
			<Project1Ref idref="Project1"/>
		</project>
	</t1_OpnameBestelling>
	<Project1 id="Project1">
		<name>Project Top Koks</name>
		<description>Project voor het opnemen van een bestelling </description>
		<startDate>2008-05-04T00:00:00.0Z</startDate>
		<endDate>2009-05-04T00:00:00.0Z</endDate>
		<state>active</state>
		<dateLamu>2008-05-04T00:00:00.0Z</dateLamu>
		<userLamu>PeterBonsma</userLamu>
		<willekeurigComplexElement>
			<WillekeurigComplexElement id="ProjectGegevens">
				<sOAPProtocol>Base64</sOAPProtocol>
				<sOAPCentralServer-URL>http://192.168.0.1/visi.wsdl</sOAPCentralServer-URL>
				<sOAPCentralServer-URL>http://www.crow.nl/testcases/case001/visi.wsdl</sOAPCentralServer-URL>
			</WillekeurigComplexElement>
		</willekeurigComplexElement>
	</Project1>
	<StandardOrganisationType id="consument">
		<name>Consument</name>
		<state>active</state>
		<dateLamu>2008-05-04T00:00:00.0Z</dateLamu>
		<userLamu>PeterBonsma</userLamu>
		<contactPerson>
			<StandardPersonTypeRef idref="KeesDeVries"/>
		</contactPerson>
		<willekeurigComplexElement2>
			<WillekeurigComplexElement2 id="OrganisatieGegevensConsument">
				<sOAPServer-URL>http://192.168.0.102/specifiek_project/visi.wsdl</sOAPServer-URL>
			</WillekeurigComplexElement2>
		</willekeurigComplexElement2>
	</StandardOrganisationType>
	<StandardOrganisationType id="restaurant">
		<name>Restaurant</name>
		<state>active</state>
		<dateLamu>2008-05-04T00:00:00.0Z</dateLamu>
		<userLamu>PeterBonsma</userLamu>
		<contactPerson>
			<StandardPersonTypeRef idref="PietJansen"/>
		</contactPerson>
		<willekeurigComplexElement2>
			<WillekeurigComplexElement2 id="OrganisatieGegevensRestaurant">
				<sOAPServer-URL>http://192.168.0.105/specifiek_project/visi.wsdl</sOAPServer-URL>
			</WillekeurigComplexElement2>
		</willekeurigComplexElement2>
	</StandardOrganisationType>
	<StandardPersonType id="KeesDeVries">
		<userName>kvd</userName>
		<name>Kees de Vries</name>
		<state>active</state>
		<dateLamu>2008-05-04T00:00:00.0Z</dateLamu>
		<userLamu>PeterBonsma</userLamu>
	</StandardPersonType>
	<StandardPersonType id="PietJansen">
		<userName>pj</userName>
		<name>Piet Jansen</name>
		<state>active</state>
		<dateLamu>2008-05-04T00:00:00.0Z</dateLamu>
		<userLamu>PeterBonsma</userLamu>
	</StandardPersonType>
	<klant id="klantRol">
		<name>Klant Rol</name>
		<description>Diegene die de klant is</description>
		<state>active</state>
		<dateLamu>2008-05-04T00:00:00.0Z</dateLamu>
		<userLamu>PeterBonsma</userLamu>
	</klant>
	<ober id="oberRol">
		<name>Ober Rol</name>
		<description>Diegene die serveert</description>
		<state>active</state>
		<dateLamu>2008-05-04T00:00:00.0Z</dateLamu>
		<userLamu>PeterBonsma</userLamu>
	</ober>
	<PersonInRole id="PiR001">
		<state>active</state>
		<dateLamu>2008-05-04T00:00:00.0Z</dateLamu>
		<userLamu>PeterBonsma</userLamu>
		<contactPerson>
			<StandardPersonTypeRef idref="KeesDeVries"/>
		</contactPerson>
		<organisation>
			<StandardOrganisationTypeRef idref="consument"/>
		</organisation>
		<role>
			<klantRef idref="klantRol"/>
		</role>
	</PersonInRole>
	<PersonInRole id="PiR002">
		<state>active</state>
		<dateLamu>2008-05-04T00:00:00.0Z</dateLamu>
		<userLamu>PeterBonsma</userLamu>
		<contactPerson>
			<StandardPersonTypeRef idref="PietJansen"/>
		</contactPerson>
		<organisation>
			<StandardOrganisationTypeRef idref="restaurant"/>
		</organisation>
		<role>
			<klantRef idref="oberRol"/>
		</role>
	</PersonInRole>
</visiXML_MessageSchema>
