<?xml version="1.0" encoding="UTF-8"?>
<visiXML_MessageSchema xmlns="http://www.visi.nl/schemas/20071218" xmlns:xsi="http://www.w3.org/2001/XMLSchema-instance" xsi:schemaLocation="http://www.visi.nl/schemas/20071218
http://www.ifcbrowser.com/10.xsd">
	<msgVraag id="bericht005">
		<identification/>
		<dateSend>2008-05-04T00:00:00.0Z</dateSend>
		<dateRead>2008-05-04T00:00:00.0Z</dateRead>
		<state>active</state>
		<dateLamu>2008-05-04T00:00:00.0Z</dateLamu>
		<userLamu>PeterBonsma</userLamu>
		<initiatingTransactionMessageID>bericht004</initiatingTransactionMessageID>
		<initiatorToExecutor>true</initiatorToExecutor>
		<transaction>
			<t2_VraagOberAanKokRef idref="transactie002"/>
		</transaction>
		<ceVraag>
			<CeVraag id="vraag002">
				<vraag>Kan er ook mayonaise bij de gepofte aardappelen geserveerd worden</vraag>
			</CeVraag>
		</ceVraag>
	</msgVraag>
	<t2_VraagOberAanKok id="transactie002">
		<name/>
		<description/>
		<startDate>2008-05-04T00:00:00.0Z</startDate>
		<endDate>2009-05-04T00:00:00.0Z</endDate>
		<state>active</state>
		<dateLamu>2008-05-04T00:00:00.0Z</dateLamu>
		<userLamu>PeterBonsma</userLamu>
		<initiator>
			<PersonInRoleRef idref="PiR002"/>
		</initiator>
		<executor>
			<PersonInRoleRef idref="PiR003"/>
		</executor>
		<project>
			<Project1Ref idref="Project1"/>
		</project>
	</t2_VraagOberAanKok>
	<Project1 id="Project1">
		<name>Project Top Koks</name>
		<description>Project voor het opnemen van een bestelling </description>
		<startDate>2008-05-04T00:00:00.0Z</startDate>
		<endDate>2009-05-04T00:00:00.0Z</endDate>
		<state>active</state>
		<dateLamu>2008-05-04T00:00:00.0Z</dateLamu>
		<userLamu>PeterBonsma</userLamu>
		<willekeurigComplexElement>
			<WillekeurigComplexElement id="ProjectGegevens">
				<sOAPProtocol>Base64</sOAPProtocol>
				<sOAPCentralServer-URL>http://192.168.0.1/visi.wsdl</sOAPCentralServer-URL>
				<sOAPCentralServer-URL>http://www.crow.nl/testcases/case001/visi.wsdl</sOAPCentralServer-URL>
			</WillekeurigComplexElement>
		</willekeurigComplexElement>
	</Project1>
	<StandardOrganisationType id="restaurant">
		<name>Restaurant</name>
		<state>active</state>
		<dateLamu>2008-05-04T00:00:00.0Z</dateLamu>
		<userLamu>PeterBonsma</userLamu>
		<contactPerson>
			<StandardPersonTypeRef idref="PietJansen"/>
		</contactPerson>
		<willekeurigComplexElement2>
			<WillekeurigComplexElement2 id="OrganisatieGegevensRestaurant">
				<sOAPServer-URL>http://192.168.0.105/specifiek_project/visi.wsdl</sOAPServer-URL>
			</WillekeurigComplexElement2>
		</willekeurigComplexElement2>
	</StandardOrganisationType>
	<StandardPersonType id="PietJansen">
		<userName>pj</userName>
		<name>Piet Jansen</name>
		<state>active</state>
		<dateLamu>2008-05-04T00:00:00.0Z</dateLamu>
		<userLamu>PeterBonsma</userLamu>
	</StandardPersonType>
	<StandardPersonType id="DirkZwart">
		<userName>dz</userName>
		<name>Dirk Zwart</name>
		<state>active</state>
		<dateLamu>2008-05-04T00:00:00.0Z</dateLamu>
		<userLamu>PeterBonsma</userLamu>
	</StandardPersonType>
	<ober id="oberRol">
		<name>Ober Rol</name>
		<description>Diegene die serveert</description>
		<state>active</state>
		<dateLamu>2008-05-04T00:00:00.0Z</dateLamu>
		<userLamu>PeterBonsma</userLamu>
	</ober>
	<kok id="kokRol">
		<name>Kok Rol</name>
		<description>Diegene die kookt</description>
		<state>active</state>
		<dateLamu>2008-05-04T00:00:00.0Z</dateLamu>
		<userLamu>PeterBonsma</userLamu>
	</kok>
	<PersonInRole id="PiR002">
		<state>active</state>
		<dateLamu>2008-05-04T00:00:00.0Z</dateLamu>
		<userLamu>PeterBonsma</userLamu>
		<contactPerson>
			<StandardPersonTypeRef idref="PietJansen"/>
		</contactPerson>
		<organisation>
			<StandardOrganisationTypeRef idref="restaurant"/>
		</organisation>
		<role>
			<klantRef idref="oberRol"/>
		</role>
	</PersonInRole>
	<PersonInRole id="PiR003">
		<state>active</state>
		<dateLamu>2008-05-04T00:00:00.0Z</dateLamu>
		<userLamu>PeterBonsma</userLamu>
		<contactPerson>
			<StandardPersonTypeRef idref="DirkZwart"/>
		</contactPerson>
		<organisation>
			<StandardOrganisationTypeRef idref="restaurant"/>
		</organisation>
		<role>
			<klantRef idref="kokRol"/>
		</role>
	</PersonInRole>
</visiXML_MessageSchema>
