<?xml version="1.0" encoding="UTF-8"?>
<visiXML_MessageSchema xmlns="http://www.visi.nl/schemas/20071218" xmlns:xsi="http://www.w3.org/2001/XMLSchema-instance" xsi:schemaLocation="http://www.visi.nl/schemas/20071218
http://www.ifcbrowser.com/10.xsd">
	<msgPlaatsingBestelling id="bericht014">
		<identification/>
		<dateSend>2008-05-04T00:00:00.0Z</dateSend>
		<dateRead>2008-05-04T00:00:00.0Z</dateRead>
		<state>active</state>
		<dateLamu>2008-05-04T00:00:00.0Z</dateLamu>
		<userLamu>PeterBonsma</userLamu>
		<initiatingTransactionMessageID>bericht013</initiatingTransactionMessageID>
		<initiatorToExecutor>true</initiatorToExecutor>
		<transaction>
			<t1_OpnameBestellingRef idref="transactie005"/>
		</transaction>
		<ceBestelling>
			<CeBestelling id="bestelling006">
				<ceInhoudBestelling>
					<CeInhoudBestelling id="inhoudBestelling006">
						<naamGerecht>Carpatio</naamGerecht>
						<opmerking>Ik hoop dat jullie dit wel hebben</opmerking>
					</CeInhoudBestelling>
				</ceInhoudBestelling>
			</CeBestelling>
		</ceBestelling>
	</msgPlaatsingBestelling>
	<t3_OpdrachtKok id="transactie005">
		<name/>
		<description/>
		<startDate>2008-05-04T00:00:00.0Z</startDate>
		<endDate>2009-05-04T00:00:00.0Z</endDate>
		<state>active</state>
		<dateLamu>2008-05-04T00:00:00.0Z</dateLamu>
		<userLamu>PeterBonsma</userLamu>
		<initiator>
			<PersonInRoleRef idref="PiR002"/>
		</initiator>
		<executor>
			<PersonInRoleRef idref="PiR005"/>
		</executor>
		<project>
			<Project1Ref idref="Project1"/>
		</project>
	</t3_OpdrachtKok>
	<Project1 id="Project1">
		<name>Project Top Koks</name>
		<description>Project voor het opnemen van een bestelling </description>
		<startDate>2008-05-04T00:00:00.0Z</startDate>
		<endDate>2009-05-04T00:00:00.0Z</endDate>
		<state>active</state>
		<dateLamu>2008-05-04T00:00:00.0Z</dateLamu>
		<userLamu>PeterBonsma</userLamu>
		<willekeurigComplexElement>
			<WillekeurigComplexElement id="ProjectGegevens">
				<sOAPProtocol>Base64</sOAPProtocol>
				<sOAPCentralServer-URL>http://192.168.0.1/visi.wsdl</sOAPCentralServer-URL>
				<sOAPCentralServer-URL>http://www.crow.nl/testcases/case001/visi.wsdl</sOAPCentralServer-URL>
			</WillekeurigComplexElement>
		</willekeurigComplexElement>
	</Project1>
	<StandardOrganisationType id="restaurant">
		<name>Restaurant</name>
		<state>active</state>
		<dateLamu>2008-05-04T00:00:00.0Z</dateLamu>
		<userLamu>PeterBonsma</userLamu>
		<contactPerson>
			<StandardPersonTypeRef idref="PietJansen"/>
		</contactPerson>
		<willekeurigComplexElement2>
			<WillekeurigComplexElement2 id="OrganisatieGegevensRestaurant">
				<sOAPServer-URL>http://192.168.0.105/specifiek_project/visi.wsdl</sOAPServer-URL>
			</WillekeurigComplexElement2>
		</willekeurigComplexElement2>
	</StandardOrganisationType>
	<StandardPersonType id="PietJansen">
		<userName>pj</userName>
		<name>Piet Jansen</name>
		<state>active</state>
		<dateLamu>2008-05-04T00:00:00.0Z</dateLamu>
		<userLamu>PeterBonsma</userLamu>
	</StandardPersonType>
	<StandardPersonType id="JanToet">
		<userName>jt</userName>
		<name>Jan Toet</name>
		<state>active</state>
		<dateLamu>2008-05-04T00:00:00.0Z</dateLamu>
		<userLamu>PeterBonsma</userLamu>
	</StandardPersonType>
	<ober id="oberRol">
		<name>Ober Rol</name>
		<description>Diegene die serveert</description>
		<state>active</state>
		<dateLamu>2008-05-04T00:00:00.0Z</dateLamu>
		<userLamu>PeterBonsma</userLamu>
	</ober>
	<kok id="kokRol">
		<name>Kok Rol</name>
		<description>Diegene die kookt</description>
		<state>active</state>
		<dateLamu>2008-05-04T00:00:00.0Z</dateLamu>
		<userLamu>PeterBonsma</userLamu>
	</kok>
	<PersonInRole id="PiR002">
		<state>active</state>
		<dateLamu>2008-05-04T00:00:00.0Z</dateLamu>
		<userLamu>PeterBonsma</userLamu>
		<contactPerson>
			<StandardPersonTypeRef idref="PietJansen"/>
		</contactPerson>
		<organisation>
			<StandardOrganisationTypeRef idref="restaurant"/>
		</organisation>
		<role>
			<klantRef idref="oberRol"/>
		</role>
	</PersonInRole>
	<PersonInRole id="PiR005">
		<state>active</state>
		<dateLamu>2008-05-04T00:00:00.0Z</dateLamu>
		<userLamu>PeterBonsma</userLamu>
		<contactPerson>
			<StandardPersonTypeRef idref="JanToet"/>
		</contactPerson>
		<organisation>
			<StandardOrganisationTypeRef idref="restaurant"/>
		</organisation>
		<role>
			<klantRef idref="kokRol"/>
		</role>
	</PersonInRole>
</visiXML_MessageSchema>
